Id,BIRTHDATE,DEATHDATE,SSN,DRIVERS,PASSPORT,PREFIX,FIRST,LAST,SUFFIX,MAIDEN,MARITAL,RACE,ETHNICITY,GENDER,BIRTHPLACE,ADDRESS,CITY,STATE,COUNTY,ZIP,LAT,LON,HEALTHCARE_EXPENSES,HEALTHCARE_COVERAGE,INCOME
6872def5-772f-427c-3053-de6e1c71ce0a,2011-03-06,,999-96-6821,,,,Alfred550,West559,,,,white,hispanic,M,Lexington  Massachusetts  US,1037 Stehr Park,Belmont,Massachusetts,Middlesex County,02472,42.42000352463694,-71.18158394036953,292937.40,1674.60,363895
6c434506-fb4b-3e3f-c19d-553dec3b6c17,2004-12-27,,999-44-3322,S99963032,,Ms.,Claudia969,Pacheco179,,,,white,hispanic,F,La Paz  Baja California  MX,625 Doyle Row,Lynn,Massachusetts,Essex County,01905,42.52076231741145,-70.99610076420646,55738.14,9654.62,5779
4113255f-4e35-506a-ddef-4429caa17ffc,2004-06-03,,999-88-1434,S99995455,,Ms.,Rasheeda241,Heaney114,,,,black,nonhispanic,F,Paxton  Massachusetts  US,946 Carroll Arcade Suite 20,Boston,Massachusetts,Suffolk County,02116,42.34789223655134,-71.049264374543,454408.46,234.30,45680
239ae86a-96db-6211-9042-d3f2850aabb8,1984-03-12,,999-74-7366,S99954594,X27347088X,Mr.,Darrell400,Muller251,,,M,white,nonhispanic,M,Pembroke  Massachusetts  US,541 Stracke Plaza,Lowell,Massachusetts,Middlesex County,01854,42.67839476037261,-71.33971522886895,119512.82,8793.54,3928
9df4460a-2f66-2d07-de9e-0afaf84bb157,1982-11-20,,999-18-7495,S99935633,X49554149X,Mr.,Keven605,Daugherty69,,,S,white,nonhispanic,M,Topsfield  Massachusetts  US,1041 Schuppe Vale,Dalton,Massachusetts,Berkshire County,,42.47374174523344,-73.10494900506748,104715.94,7249.22,3229
92675303-ca5b-136a-169b-e764c5753f06,1959-06-26,,999-62-9859,S99933580,X33424857X,Mr.,Lorenzo669,Urrutia540,,,M,white,hispanic,M,Carolina  Puerto Rico  PR,386 Altenwerth Orchard Apt 67,Chicopee,Massachusetts,Hampden County,01013,42.184457490345814,-72.57177354003923,1522823.56,0.00,88407
d62238e5-917d-0df5-5c35-6aa5d13f17af,2008-06-27,,999-28-3434,,,,Rena430,Rowe323,,,,white,nonhispanic,F,Waltham  Massachusetts  US,1046 Lueilwitz Ranch Unit 15,Colrain,Massachusetts,Franklin County,,42.664907366172095,-72.75158420611616,363233.80,1368.60,36487
abc59f62-dc5a-5095-1141-80b4ee8be73b,1956-11-22,,999-37-1058,S99915086,X86882846X,Mrs.,Jacque955,Jast432,,Will178,M,white,nonhispanic,F,Lawrence  Massachusetts  US,492 Keebler Estate,Shrewsbury,Massachusetts,Worcester County,,42.2492633419548,-71.705572733258,1568542.12,735.84,503848
6f3ec64a-c315-2b26-5973-21ef2f09160f,1996-04-18,,999-14-3900,S99953027,X5951429X,Ms.,Velvet616,Legros616,,,,white,nonhispanic,F,Brockton  Massachusetts  US,893 McGlynn Gateway Apt 0,Middleborough,Massachusetts,Plymouth County,,41.89178777165594,-70.85051889173994,640940.00,0.00,36592
54f1059e-6250-3949-6dd0-1dda9b85d22a,1993-05-05,,999-28-3364,S99935113,X86111475X,Mrs.,Fredricka415,Leannon79,,Crist667,M,white,nonhispanic,F,Lowell  Massachusetts  US,931 Bartell Ville Apt 84,Malden,Massachusetts,Middlesex County,02148,42.43483192481692,-71.02397827981274,706725.96,0.00,35460
59844213-b884-17cb-59e9-c07a73a06f41,1949-08-20,,999-75-8169,S99933597,X59167267X,Mr.,Frederick289,Breitenberg711,,,M,black,nonhispanic,M,Everett  Massachusetts  US,227 Stiedemann Union Suite 28,Whitman,Massachusetts,Plymouth County,,42.10609469292333,-70.91765574475585,1692210.62,46975.89,30100
28d7b56c-6056-d0a2-2991-39d6e917216c,1938-12-31,,999-31-6091,S99955146,X76625337X,Mrs.,Angela104,Hane680,,Funk324,M,white,nonhispanic,F,Westfield  Massachusetts  US,677 Bosco Extension,South Yarmouth,Massachusetts,Barnstable County,02664,41.69360171519502,-70.16953083062255,1941533.77,94274.53,67198
d92132ce-06ac-3ab4-217f-97257a290b22,1965-02-05,,999-65-7810,S99951597,X88017267X,Mrs.,Dannette613,Gleichner915,,Bauch723,M,white,nonhispanic,F,Marlborough  Massachusetts  US,593 Doyle Ranch,Newbury,Massachusetts,Essex County,,42.80410279196755,-70.82470883225064,1373901.82,9091.99,70833
ae8722c8-8fe3-3bf6-9ae3-d25954bcb8b8,2002-06-26,,999-42-9609,S99958290,X56232882X,Ms.,Yong583,Turcotte120,,,,white,nonhispanic,F,Westford  Massachusetts  US,113 Oberbrunner Trail Suite 11,Lawrence,Massachusetts,Essex County,,42.680705735414485,-71.11143459005724,510776.41,903.15,48846
9f6a80af-4fa3-bd0f-750b-94b7c3f7046d,2010-05-16,,999-41-5047,,,,Katherina205,Corwin846,,,,white,nonhispanic,F,Canton  Massachusetts  US,947 Treutel Skyway Suite 59,Barnstable,Massachusetts,Barnstable County,02675,41.67325643106544,-70.45960757559526,313815.56,362.40,47252
4b9c1991-8733-d3f6-777d-6310b5dd7af2,1962-06-04,,999-36-6696,S99918478,X58061217X,Ms.,Delia459,Pagac496,,,S,asian,nonhispanic,F,Fitchburg  Massachusetts  US,1062 Hegmann Row Apt 57,Quincy,Massachusetts,Norfolk County,02169,42.31052877826429,-71.0083466404818,1470365.28,10817.84,75773
a0b63e97-b6fd-5fe1-8f2d-2bec915efa97,1938-07-17,,999-53-6488,S99956280,X40511101X,Mr.,Luther918,MacGyver246,,,M,white,nonhispanic,M,Chelmsford  Massachusetts  US,250 Morar Fork Apt 66,Boston,Massachusetts,Suffolk County,02136,42.35669114363619,-71.00729538672405,1967394.54,97375.80,534421
a02a3f43-b6f4-d209-4062-af0cec3b22c1,1944-08-15,,999-99-5386,S99910779,X67722867X,Mr.,Mohammed454,Mueller846,,,M,white,nonhispanic,M,Fall River  Massachusetts  US,530 Zboncak Landing Suite 63,Sandwich,Massachusetts,Barnstable County,02563,41.71687641511264,-70.4677386228444,1895519.37,87769.79,65295
44a8ca45-6c6e-38bb-fac0-ddbf7a7ee3a4,1983-07-09,,999-51-4389,S99960118,X89350373X,Mr.,Rudolf736,Rohan584,,,S,white,nonhispanic,M,Haverhill  Massachusetts  US,110 Johns Wall Suite 79,Avon,Massachusetts,Norfolk County,,42.14928700865473,-71.04745720168393,950035.26,521.10,47847
6b060c17-b5af-82b5-0417-38644cf1fef5,1961-12-12,,999-32-3520,S99953791,X78754995X,Mr.,Fritz267,Mitchell808,,,S,black,nonhispanic,M,Lynn  Massachusetts  US,129 Brakus Burg,Plymouth,Massachusetts,Plymouth County,,41.850689053968594,-70.66316673555411,1469761.95,0.00,106364
d9fb22dd-45ab-41e3-7c6c-393d74805e67,2011-09-03,,999-94-7134,,,,Mari763,Fadel536,,,,asian,nonhispanic,F,Mumbai  Maharashtra  IN,291 Wintheiser Dam Apt 49,Everett,Massachusetts,Middlesex County,02149,42.37060204722319,-71.08348604887081,288946.40,165.60,35382
a832f5fa-07a9-e8ef-dc1a-8df6376be9cf,1998-03-16,,999-53-3586,S99958984,X59062453X,Mr.,Korey682,Howell947,,,,black,nonhispanic,M,Springfield  Massachusetts  US,542 Connelly Dam Suite 86,Springfield,Massachusetts,Hampden County,01105,42.1623360762082,-72.516883591123,588848.31,76.05,66991
7ac6b3c7-cdd7-23c4-52bf-a6cd4440a9d6,1983-10-05,,999-44-4295,S99960650,X82762543X,Mrs.,Shalonda324,Gutmann970,,Williamson769,M,white,nonhispanic,F,Milford  Massachusetts  US,788 Reynolds Mall,Westford,Massachusetts,Middlesex County,,42.60496480757186,-71.42394515202272,941956.36,0.00,69914
12e6dd54-169a-78f9-02f0-e7e41b07b0eb,1993-10-21,,999-85-8101,S99946144,X53645874X,Mrs.,Kandi717,Haley279,,Romaguera67,M,white,nonhispanic,F,Merrimac  Massachusetts  US,672 Koelpin Glen,Scituate,Massachusetts,Plymouth County,02066,42.16641436093744,-70.7842725116409,701561.96,0.00,98212
82340b68-7f78-8d50-15ba-0396be76a381,1955-04-28,,999-82-6124,S99998556,X23776158X,Mr.,Zackary401,Lehner980,,,S,white,nonhispanic,M,Gardner  Massachusetts  US,427 Lemke Hollow,Fall River,Massachusetts,Bristol County,,41.74906065995054,-71.1123386219739,218327.51,58662.55,11774
6be6dbc4-b4fa-be8d-bc6f-1439800193f2,1940-02-26,2004-03-01,999-15-1972,S99953162,X32438015X,Ms.,Elisa944,Melgar516,,,S,white,hispanic,F,Wesley  Saint Andrew Parish  DM,228 Osinski Ramp Unit 30,Lawrence,Massachusetts,Essex County,01840,42.683753679636155,-71.1925774608788,1566247.60,0.00,90106
0d7f673c-e7ef-53d0-f561-1a7e9dd15d0c,1960-12-14,,999-73-2801,S99936248,X21896970X,Mrs.,Lashunda872,Schamberger479,MD,Little434,M,white,nonhispanic,F,Boston  Massachusetts  US,378 Yundt Plaza,Taunton,Massachusetts,Bristol County,,41.861501845124046,-71.10006614232036,1471847.20,13598.28,38068
229a1e6d-1714-f0cd-8253-a8729632291e,2006-10-29,,999-53-4027,S99920127,,,Rey54,Treutel973,,,,white,nonhispanic,M,Framingham  Massachusetts  US,318 Pacocha Drive,Boston,Massachusetts,Suffolk County,02467,42.311021418952684,-71.16275742985204,400603.56,165.60,38346
3cb00951-f5a6-8180-00d2-ae0322d2ea7d,1984-06-17,,999-42-7034,S99982207,X35511293X,Mr.,Colton403,Gislason620,,,M,white,nonhispanic,M,Attleboro  Massachusetts  US,420 Kovacek Rue Suite 62,Somerville,Massachusetts,Middlesex County,02155,42.38582245887733,-71.12283989282035,118620.96,8378.24,5321
e0b758ad-b2b3-8de6-ea86-e7cfb37eeaa4,1946-07-12,,999-90-9896,S99916732,X68325771X,Mrs.,Shandra823,Murphy561,,Parisian75,M,white,nonhispanic,F,New Bedford  Massachusetts  US,355 Kulas Passage Apt 81,West Springfield,Massachusetts,Hampden County,01089,42.10746801307071,-72.67565422799547,1857676.04,28248.46,45097
b29d5c39-026f-83b0-9e74-963143634b97,1998-01-08,,999-48-6275,S99932100,X67401198X,Mr.,Marc757,Batz141,,,,asian,nonhispanic,M,Cantho  Cần Thơ  VN,344 Waters Way,Groton,Massachusetts,Middlesex County,01450,42.62610510923631,-71.54056141456876,596445.78,0.00,55366
2b440c6c-29db-af6a-02a2-30a13411bf78,2000-01-09,,999-48-8318,S99926168,X32612625X,Mr.,Noah480,Weber641,,,,white,nonhispanic,M,Methuen  Massachusetts  US,611 Grant Trafficway,Billerica,Massachusetts,Middlesex County,,42.60691383969313,-71.25592940143106,555824.36,0.00,156762
e468e3f0-9c9c-5374-b953-db1ba26c9617,1978-01-17,,999-43-9141,S99989069,X52537641X,Mrs.,Towanda270,Carter549,,Harvey63,M,white,nonhispanic,F,Holbrook  Massachusetts  US,418 Grimes Path,Boston,Massachusetts,Suffolk County,02199,42.413383050506795,-71.12020446693046,1072874.76,0.00,50734
73c66565-1b7f-5b57-4029-83de693606a4,1954-03-30,,999-29-2923,S99978299,X19962338X,Mrs.,Lia388,Emard19,,Rosenbaum794,M,white,nonhispanic,F,Warren  Massachusetts  US,1073 Wunsch Quay Suite 85,Amherst Center,Massachusetts,Hampshire County,,42.37855860174644,-72.50264087052955,1671076.26,1758.60,232324
eb76c027-3233-acb1-fd9a-099047ca7cb4,2009-12-20,,999-44-9063,,,,Rosalva540,Yundt842,,,,white,nonhispanic,F,Dunstable  Massachusetts  US,644 Reilly Bypass,Medfield,Massachusetts,Norfolk County,,42.18947467486522,-71.33671644802439,328199.36,587.40,93761
aeb6fd40-c0da-23a8-7b46-6c9fe558d7b2,1973-01-29,,999-22-1245,S99974744,X3485317X,Mrs.,María del Carmen27,Bravo546,,Garay400,M,white,hispanic,F,Gaudalajara  Jalisco  MX,934 Schamberger Route,Worcester,Massachusetts,Worcester County,01610,42.21264256722606,-71.79598137755454,169349.16,0.00,15181
fb00b97e-91b2-234e-4c91-09276b3d8366,1966-02-27,,999-48-1687,S99918227,X61295780X,Mrs.,Kristina583,Lockman863,,Pfeffer420,M,white,nonhispanic,F,Quincy  Massachusetts  US,862 Kris Gateway,Waltham,Massachusetts,Middlesex County,02453,42.3511993296254,-71.13407960524533,1339449.96,0.00,71910
9cb5a91e-6d01-1996-6b45-a6ddd9b7076c,1960-12-06,,999-22-7778,S99994001,X56054487X,Mr.,Miguel Ángel46,Robles531,,,S,white,hispanic,M,La Paz  Baja California  MX,1026 Huels Boulevard,Lowell,Massachusetts,Middlesex County,01852,42.60765920195534,-71.32661692216377,1495209.35,6106.47,44931
abc45bec-b36e-3f75-e1d9-8773646608f3,1963-04-11,,999-47-1555,S99983163,X29357984X,Mrs.,Marcela739,Aranda843,,Barela183,M,native,hispanic,F,La Paz  Baja California  MX,486 Simonis Parade Suite 41,Lynn,Massachusetts,Essex County,,42.45962482675249,-70.90634380967495,1430568.36,0.00,89243
54a6f9f9-8f70-4897-015c-3762e169e70f,1958-12-15,,999-85-7848,S99913941,X54940476X,Mr.,Jc393,Leffler128,,,M,white,nonhispanic,M,Wayland  Massachusetts  US,246 Ondricka Glen,Boston,Massachusetts,Suffolk County,,42.30067241113241,-71.09453196700584,1563517.60,8898.21,484516
0dd74217-b6e2-1ce9-c891-3e408d61eb52,1940-02-26,,999-97-5955,S99978787,X46124645X,Mrs.,Ana972,Casas271,,Aragón562,M,white,hispanic,F,San Salvador  El Salvador  SV,958 Becker Grove Unit 99,Lawrence,Massachusetts,Essex County,01840,42.66687685710192,-71.13155215938464,1945580.50,35155.31,90106
d172514a-6703-7f8e-b76d-a9ddc6e49a5b,1993-06-20,,999-24-9427,S99922533,X26049757X,Mr.,Adolfo777,Jaskolski867,,,M,white,nonhispanic,M,Marshfield  Massachusetts  US,327 Jerde Common Suite 22,Westfield,Massachusetts,Hampden County,01085,42.12601027732648,-72.80129670883034,702125.96,0.00,29632
9ecb78eb-1783-f5e7-2527-05dcb17916d8,1981-02-06,,999-28-6335,S99931284,X81819892X,Mr.,Ryan260,Swaniawski813,,,M,white,nonhispanic,M,Pittsfield  Massachusetts  US,1068 Larkin Underpass Apt 68,Ashburnham,Massachusetts,Worcester County,,42.62382907446969,-71.94611873059561,1008973.96,0.00,55121
08b3d6d2-696d-0746-a0d3-c2a5d463f7ba,1983-03-01,,999-17-8313,S99983270,X39498257X,Mrs.,Jenna662,Predovic534,,Turner526,M,white,nonhispanic,F,Brockton  Massachusetts  US,835 Ondricka Haven Unit 91,Chesterfield,Massachusetts,Hampshire County,,42.411793655772776,-72.83522580493464,954108.00,0.00,95134
3c865c64-7112-8dc1-d3a4-a5a102bede45,1968-03-18,,999-65-8389,S99981810,X70167657X,Mr.,Norman647,Christiansen251,,,S,white,nonhispanic,M,Mansfield  Massachusetts  US,1018 Gusikowski Trailer,Northborough,Massachusetts,Worcester County,01532,42.302055724835746,-71.62171425356364,1309103.07,0.00,125832
780ec78c-22a0-fcdb-17c6-ae9b2fcace9c,1949-06-26,,999-23-8384,S99921449,X12443851X,Mrs.,Juliane376,Steuber698,,Boyle917,M,white,nonhispanic,F,Boston  Massachusetts  US,693 Williamson Lock Unit 73,Southampton,Massachusetts,Hampshire County,,42.24622742802655,-72.71021533315306,1807667.76,73225.51,116672
801f9570-e398-cfde-9c80-2381c03ab30e,1972-05-30,,999-39-5076,S99962129,X10354475X,Mr.,Ernest565,Gorczany269,,,M,white,nonhispanic,M,Framingham  Massachusetts  US,632 Batz Common Unit 53,Somerville,Massachusetts,Middlesex County,02155,42.33500392613571,-71.07561030334666,1232538.58,11.10,112113
7e1e93f8-2031-7073-b428-b300a71d0b5f,1941-03-19,,999-39-3058,S99922075,X40899035X,Mrs.,Kirsten270,Rogahn59,,O'Hara248,M,white,nonhispanic,F,Lunenburg  Massachusetts  US,576 Kuvalis Dale,Weymouth,Massachusetts,Norfolk County,02190,42.19791683225661,-70.89209653820492,1546820.11,22710.65,22729
33d477d9-1fe8-91c1-cba0-6bd8f8415e65,1968-05-25,,999-62-8911,S99957543,X65869992X,Mr.,Jimmie93,Willms744,,,M,white,nonhispanic,M,Boston  Massachusetts  US,246 Beahan Throughway Unit 79,Chicopee,Massachusetts,Hampden County,,42.183593291914185,-72.55158923054829,1308074.27,0.00,39149
b5ee241c-8d9f-67a4-437a-5665fb026da3,1959-07-09,,999-75-5198,S99927578,X3510144X,Mrs.,Chantelle310,Bartell116,,Kulas532,M,white,nonhispanic,F,Harwich  Massachusetts  US,157 Walsh Highlands Suite 20,Rehoboth,Massachusetts,Bristol County,,41.89112889896496,-71.22580732351477,1566981.02,0.00,145751
3237ddd9-55c0-a584-90cc-83b1d1ae39bf,1944-11-14,,999-31-2229,S99994932,X83411899X,Mrs.,Concepción765,Gallegos952,,Razo972,M,black,hispanic,F,Carolina  Puerto Rico  PR,187 Emmerich Parade,Rockport,Massachusetts,Essex County,01966,42.66844936486959,-70.57084307985394,238804.77,42939.53,15648
2add8cb0-9ec4-15de-4e5b-e812509a5068,1982-11-25,,999-59-2264,S99969500,X22437188X,Ms.,Barbara209,Bañuelos542,,,S,white,hispanic,F,Bogota  Bogota  CO,434 Wisozk Road,Gardner,Massachusetts,Worcester County,,42.5852726874584,-71.95785758966451,944886.58,0.00,35914
98b29475-c028-0a58-e08f-0cd93982a198,1935-06-27,,999-48-9706,S99912604,X24427551X,Mr.,Augustine565,Bauch723,,,S,white,nonhispanic,M,Somerville  Massachusetts  US,339 Durgan Course Apt 89,Gloucester,Massachusetts,Essex County,01930,42.623352783310395,-70.6870777423323,88990.10,31843.63,15718
de064367-b981-212e-7640-35b1c6fc7b50,1967-03-12,,999-21-7544,S99975221,X17530531X,Mr.,Tobias236,Walsh511,,,M,white,nonhispanic,M,Marblehead  Massachusetts  US,116 Hane Ville,Walpole,Massachusetts,Norfolk County,,42.15936171988977,-71.27347206255983,1374372.53,0.00,60928
8196e80b-2dd7-6f13-8bd2-432e7b14e47b,1935-04-23,2018-07-17,999-85-2624,S99960634,X76624249X,Mr.,Rupert654,Lebsack687,,,M,white,nonhispanic,M,Boston  Massachusetts  US,883 Jacobson Avenue Suite 98,Boston,Massachusetts,Suffolk County,02118,42.42290628938378,-70.99295289473368,335299.79,10508.52,4579
ddfa516a-3f42-af6c-5779-548d6943e116,1991-09-23,,999-48-9374,S99990849,X8174417X,Mr.,Stanley702,Terry864,,,M,asian,nonhispanic,M,Macau  Macao Special Administrative Region of the People's Republic of China  CN,230 Anderson Mill,Boston,Massachusetts,Suffolk County,02199,42.34797437283105,-71.0554124481701,757462.76,0.00,61420
2ff5b5a6-d177-3b18-8e85-efa8aa817da5,1956-07-20,,999-57-6646,S99970619,X23067281X,Mr.,Neil122,Littel644,,,M,white,nonhispanic,M,Richmond  Massachusetts  US,341 Price Landing Suite 26,Malden,Massachusetts,Middlesex County,02155,42.428440161744376,-71.07740401609284,1590907.20,654.08,160644
e5b40b82-031b-610f-787e-2a4242efcfea,1941-10-16,,999-80-5043,S99923809,X57016849X,Ms.,Romaine793,Brakus656,,,S,white,nonhispanic,F,Pittsfield  Massachusetts  US,203 Ortiz Wall Suite 23,Edgartown,Massachusetts,Dukes County,,41.4148753512207,-70.48824942645982,2072017.99,553588.59,57181
aab91768-4ec3-4c91-e67f-31916a784409,1973-07-29,,999-59-5093,S99965552,X24226412X,Mrs.,Helena807,Hansen121,,Becker968,M,white,nonhispanic,F,Boston  Massachusetts  US,293 Kihn View,Fall River,Massachusetts,Bristol County,02720,41.63042012586035,-71.07261436331163,151389.96,8929.24,13068
509acf6b-ef54-fc75-32c0-3b542ba71495,1959-12-10,,999-20-3416,S99914634,X88149313X,Mr.,Francesco636,Weber641,,,M,asian,nonhispanic,M,Cambridge  Massachusetts  US,765 Braun Lane,Braintree,Massachusetts,Norfolk County,02184,42.212124819718866,-71.02078850753452,1535306.75,10499.38,42555
47a09a92-ead2-b13a-c858-5adb5b8613ad,1978-05-27,,999-21-5081,S99964462,X16095014X,Mr.,Randell912,Murphy561,,,S,white,nonhispanic,M,Ashburnham  Massachusetts  US,371 Considine Haven Suite 65,Weston,Massachusetts,Middlesex County,,42.357561464193104,-71.27768320415106,1087510.76,0.00,144968
36b04a95-4c30-db64-3e7a-1215ebdb5c33,1971-02-28,,999-65-3913,S99930346,X26692278X,Mrs.,Lovetta319,Kris249,,Denesik803,M,white,nonhispanic,F,Springfield  Massachusetts  US,922 O'Connell Loaf,Hopkinton,Massachusetts,Middlesex County,,42.25326161214913,-71.55152757421675,1259206.25,0.00,103562
4bfd1cb9-8984-249c-c37f-2353c74f66a6,1944-08-02,,999-68-2719,S99980153,X82732009X,Mrs.,Maud851,Kuphal363,,Stamm704,M,white,nonhispanic,F,Newbury  Massachusetts  US,713 Roberts Tunnel Suite 55,Springfield,Massachusetts,Hampden County,01107,42.118205970275525,-72.55242448283846,240847.70,12465.86,5376
1430c5ce-aacb-45c3-6ffe-ff517a569541,1983-08-30,,999-72-8177,S99941626,X79663098X,Mr.,Clair921,Schuster709,,,M,hawaiian,nonhispanic,M,Brockton  Massachusetts  US,433 Goodwin Bay Apt 57,Hudson,Massachusetts,Middlesex County,,42.37889939900795,-71.52199481884278,933056.36,0.00,99709
cf0317fa-538c-da95-fa7c-eb5466ede656,1933-05-14,,999-81-9986,S99969406,X45764978X,Mr.,Bo157,Armstrong51,,,M,white,nonhispanic,M,Weymouth  Massachusetts  US,728 Kuhlman Lane Suite 85,Dartmouth,Massachusetts,Bristol County,,41.60243090262079,-70.95830017872807,2106531.16,76631.83,38991
2a76c0e3-1e73-2109-3d5e-8a8871fe35d7,2007-12-10,,999-20-5991,,,,Aaron697,Grimes165,,,,white,nonhispanic,M,Randolph  Massachusetts  US,1070 Stroman Annex,Randolph,Massachusetts,Norfolk County,02368,42.165040142990975,-71.04403215056,366091.76,240.60,35491
ca424f09-df70-f4a9-986f-8e11f4dd838b,1982-04-27,,999-24-6810,S99994103,X13144030X,Mr.,Cliff504,Hahn503,,,M,white,nonhispanic,M,Lynn  Massachusetts  US,382 Nader Passage,Lawrence,Massachusetts,Essex County,01843,42.667621350303236,-71.13926841988092,972229.16,0.00,49151
0f2a615c-37bc-c4c2-9e51-aae5740b920d,1935-04-23,2008-03-11,999-60-2110,S99938716,X53872923X,Mr.,Orval846,Effertz744,,,M,white,nonhispanic,M,Beverly  Massachusetts  US,1036 Veum Street,Boston,Massachusetts,Suffolk County,02124,42.3119424580622,-71.05659323645692,268304.89,11686.29,4579
9997b8ce-f9ed-19b2-c67c-9e0ae75862a7,1988-06-22,,999-95-7186,S99914049,X66929191X,Mrs.,Marquitta546,Legros616,,Medhurst46,M,white,nonhispanic,F,Malden  Massachusetts  US,963 Wunsch Gateway Unit 80,Hadley,Massachusetts,Hampshire County,,42.324714898558355,-72.56969233805746,564719.56,0.00,22763
ed95baea-6b99-fbd8-5dde-6b6402221cfb,2004-03-24,,999-80-2914,S99944740,,Ms.,Clelia416,Rodriguez71,,,,white,nonhispanic,F,West Springfield  Massachusetts  US,132 Bergstrom Vista Suite 63,Winchester,Massachusetts,Middlesex County,,42.408234886903394,-71.17514413594121,467242.76,0.00,987166
0255e447-8975-9a0a-965f-75266aaa37f1,1990-11-27,,999-53-1358,S99916952,X37689784X,Mrs.,Marcelene872,Veum823,,Sporer811,M,white,nonhispanic,F,Springfield  Massachusetts  US,1074 Botsford Mall,West Concord,Massachusetts,Middlesex County,,42.430557063182945,-71.37375440057825,761126.76,0.00,155587
03289eed-0508-c96b-e70a-5a16a5e89249,2008-10-03,,999-64-8670,,,,Seth414,Hintz995,,,,white,nonhispanic,M,Carver  Massachusetts  US,457 Rodriguez Fork,Lowell,Massachusetts,Middlesex County,01854,42.68492808031678,-71.38762474864895,347459.56,0.00,100626
0d03cc3c-5fc3-79bf-1e7c-982cff303066,1963-03-30,,999-72-6031,S99911199,X83296552X,Mr.,Chester802,Harber290,,,M,white,nonhispanic,M,North Andover  Massachusetts  US,927 Johnson Rest Suite 12,Brewster,Massachusetts,Barnstable County,,41.722820885628714,-70.05345550246054,1438010.07,0.00,90689
6a638349-4d85-7671-110b-41c3347b1d97,1960-05-24,,999-31-9191,S99943715,X42889390X,Ms.,Jesusita936,Hahn503,,,S,white,nonhispanic,F,Sterling  Massachusetts  US,427 McDermott Lock Apt 34,Lynn,Massachusetts,Essex County,01901,42.496403104656245,-70.87673382116645,1552532.89,0.00,78111
cf5956bb-34f2-841b-2505-57b99991c377,1938-07-15,2020-04-28,999-36-9799,S99947380,X49331266X,Ms.,Dagmar148,Hills818,,,S,white,nonhispanic,F,Gill  Massachusetts  US,592 Schinner Heights Suite 91,Acton,Massachusetts,Middlesex County,,42.440078776658474,-71.42032216701155,1928418.24,93484.22,462400
3b267b74-9efd-03ac-135b-402deff305ed,2011-03-17,,999-99-2048,,,,Cory323,Hane680,,,,white,nonhispanic,M,Pepperell  Massachusetts  US,706 McClure Skyway Unit 14,Quincy,Massachusetts,Norfolk County,02169,42.19989037783334,-71.04077443331909,308121.40,90.60,47077
5b487563-d72d-1d1e-8964-fec6508febbd,2004-10-15,,999-11-1141,S99920272,,Mr.,Lyman173,Mayer370,,,,white,nonhispanic,M,Needham  Massachusetts  US,462 Sanford Tunnel,Maynard,Massachusetts,Middlesex County,01754,42.452474504404876,-71.41032511292451,430466.86,1275.90,59789
8d091ce8-ac29-a58d-a09a-50cf5aff34b6,1982-02-04,,999-52-2140,S99969018,X59224108X,Mrs.,Tabatha105,Treutel973,,Nolan344,M,hawaiian,nonhispanic,F,Canton  Massachusetts  US,127 Hansen Terrace,Tewksbury,Massachusetts,Middlesex County,,42.649064860058324,-71.2692242710724,968908.06,521.10,63788
6099312c-bb96-dbc6-c51c-00ca66e0273a,1949-05-09,,999-25-2889,S99916763,X56802996X,Mr.,Jarred626,Gislason620,,,M,white,nonhispanic,M,Somerville  Massachusetts  US,498 Dare Passage Apt 52,Newton,Massachusetts,Middlesex County,02458,42.3188045395022,-71.2288289111592,1665699.28,2972.28,104753
12328950-1a9d-3de8-714c-b4c5b29a3749,1947-07-23,2022-10-19,999-64-7246,S99990439,X29854693X,Mr.,Lyle846,Armstrong51,,,M,white,nonhispanic,M,Boston  Massachusetts  US,983 Prosacco Green,Cheshire,Massachusetts,Berkshire County,01225,42.568291807296426,-73.13580478186448,1957444.98,127602.95,55571
e1023705-8bfa-838d-05e3-2616cc2ad182,1955-08-24,,999-92-6964,S99920555,X49927882X,Mrs.,Arica110,Cassin499,,Stracke611,M,white,nonhispanic,F,Boston  Massachusetts  US,122 Marvin Ramp Apt 11,Malden,Massachusetts,Middlesex County,,42.44111260765299,-71.07069451344158,1635180.36,272.80,38158
ca286431-e75a-ccdb-f1bf-b3d1bf3e6ef1,1935-09-24,,999-98-9577,S99988689,X79812632X,Mrs.,Gilma310,Lowe577,,Bogan287,M,white,nonhispanic,F,Amherst  Massachusetts  US,1002 Schimmel Underpass Suite 83,Arlington,Massachusetts,Middlesex County,02474,42.3829689553044,-71.16923975273362,2143834.95,283636.26,39831
22f353bd-af19-a81f-f2ad-c7416ddabc61,1935-04-23,,999-31-1517,S99979596,X17327659X,Mr.,Chas63,Heathcote539,,,M,white,nonhispanic,M,Boston  Massachusetts  US,944 DuBuque Spur Unit 18,Boston,Massachusetts,Suffolk County,02124,42.349209590322786,-71.04940328863634,297197.90,10896.88,4579
18bf9209-56cf-eb7c-9591-430afabdaa82,1938-07-15,,999-43-6590,S99972249,X65463935X,Mrs.,Joane83,Harber290,,Barton704,M,white,nonhispanic,F,Millbury  Massachusetts  US,982 Predovic Station Apt 76,Acton,Massachusetts,Middlesex County,,42.43878514305894,-71.47441681379323,1955846.26,38128.30,462400
da1f951e-ede3-bd47-4bf9-5838f5dbbb18,1951-01-05,,999-40-9672,S99936509,X54593458X,Mr.,Elias404,Erdman779,,,M,white,hispanic,M,Swampscott  Massachusetts  US,844 Sanford Crossroad,Lawrence,Massachusetts,Essex County,01843,42.7264098327734,-71.20805612909402,1809365.64,39614.43,105619
99249ff1-59a9-dc6e-c152-4ca393cd57c5,1992-03-26,,999-22-2990,S99922611,X61457220X,Mrs.,Azucena377,Kunde533,,Zulauf375,M,white,nonhispanic,F,Boston  Massachusetts  US,530 Watsica Trafficway Suite 89,Bridgewater,Massachusetts,Plymouth County,02324,42.00580132738247,-70.97449663976944,94785.64,8847.16,10070
3a46995f-0d6d-db33-42b9-1582414dffef,1965-11-06,,999-42-2928,S99921279,X48203812X,Mr.,Alvin56,Rempel203,,,M,white,nonhispanic,M,Westfield  Massachusetts  US,1051 Bergnaum Ramp,Hopkinton,Massachusetts,Middlesex County,,42.20962985105825,-71.52250386412081,1386293.16,0.00,63148
f64ce1fe-1931-6641-1850-2fd3e263becf,1995-05-29,,999-22-5027,S99982570,X78313144X,Mrs.,Gwen761,Hintz995,,Lakin515,M,white,nonhispanic,F,Newton  Massachusetts  US,487 Yundt Grove Suite 50,North Westport,Massachusetts,Bristol County,,41.637326406658495,-71.06656774235006,666197.16,0.00,105567
37da4ac9-e443-4af2-504f-1b791eaad28c,1995-09-14,,999-71-2929,S99960524,X59733040X,Mrs.,Starr864,Hilpert278,,Ziemann98,M,white,nonhispanic,F,Lynn  Massachusetts  US,995 Casper Promenade Unit 87,Braintree,Massachusetts,Norfolk County,02184,42.18174746197341,-71.03898387451311,650497.16,0.00,56162
9f23872b-9e3a-b3d2-1cab-0a3efe3db08b,1952-05-20,,999-47-6039,S99925601,X70466999X,Mrs.,Reina25,Arriaga291,,González124,M,white,hispanic,F,Caracas  Capital District  VE,958 Feil Mission Unit 21,Boston,Massachusetts,Suffolk County,02129,42.416438531941026,-71.06116813238171,1714211.20,2385.96,40040
53c89079-86ea-04fa-d6c0-cfbb3adc2730,1990-06-18,,999-33-8573,S99968895,X82323278X,Ms.,Birgit199,Beatty507,,,S,white,nonhispanic,F,Wellesley  Massachusetts  US,193 Feeney Avenue Suite 94,Pepperell,Massachusetts,Middlesex County,,42.63102673532511,-71.56506371467202,773218.76,0.00,258361
8993a93d-d0a9-1d95-769e-c441747964e2,1951-03-02,,999-14-3212,S99981383,X59784453X,Mr.,Ivory697,Kuhic920,,,M,white,nonhispanic,M,Fall River  Massachusetts  US,570 Greenfelder Crossroad Apt 30,Lynn,Massachusetts,Essex County,01902,42.44240267320534,-71.00765398244667,1761224.79,19227.10,79403
ef2efb78-bb60-783a-98b2-e5e40310b70f,1947-07-23,2017-09-06,999-22-4288,S99998169,X70956720X,Mr.,Edmundo94,Gottlieb798,,,M,white,nonhispanic,M,Longmeadow  Massachusetts  US,195 Murphy Knoll Suite 56,Cheshire,Massachusetts,Berkshire County,,42.537897781092155,-73.1040150677272,1645667.50,21549.82,55571
1a187a7d-3945-64fc-0d85-05f702c921fd,1963-10-01,,999-26-2945,S99918042,X4639929X,Mr.,Drew592,Mosciski958,,,M,white,nonhispanic,M,Worcester  Massachusetts  US,1054 Schamberger Bypass,Winchendon,Massachusetts,Worcester County,01475,42.64262952670791,-72.04059249579868,180056.16,1086.04,15136
26827a07-38b2-0b35-461d-eeba026ffdac,2001-07-09,,999-77-6195,S99919713,X12687424X,Ms.,Latoyia537,Cronin387,,,,black,nonhispanic,F,Weymouth  Massachusetts  US,913 Wisozk Gardens,Plymouth,Massachusetts,Plymouth County,02360,41.923464794959834,-70.60386170517206,512186.40,0.00,973955
9149068a-3e2c-cafb-2afd-0d696db30ab4,2000-03-20,,999-93-7762,S99990359,X3446830X,Mr.,John539,Wiegand701,,,,asian,nonhispanic,M,Holliston  Massachusetts  US,659 Daugherty Loaf Apt 5,Lexington,Massachusetts,Middlesex County,,42.47868536272785,-71.19943966847124,550340.10,827.10,153669
faa9061d-d7d8-dc62-a403-21ae2582ea52,1998-10-24,,999-86-5102,S99922805,X85205443X,Ms.,Noelle559,Halvorson124,,,,white,nonhispanic,F,East Bridgewater  Massachusetts  US,992 Williamson Knoll,Longmeadow,Massachusetts,Hampden County,01106,42.07488923127588,-72.551382836107,172024.36,0.00,15510
ff7afb45-4baf-dd51-c412-d32be71f1be6,2004-08-27,,999-41-9169,S99991243,,Ms.,Delois358,Kutch271,,,,asian,nonhispanic,F,Chongqing  Chongqing Municipality  CN,298 Cruickshank Knoll Apt 84,Sudbury,Massachusetts,Middlesex County,,42.36413152636646,-71.38700162864887,498699.57,0.00,76002
aff5855f-d411-2f08-57b6-025559937742,1942-05-14,,999-95-1784,S99993978,X22745048X,Mr.,Chadwick722,Schmidt332,,,S,white,nonhispanic,M,Middleborough  Massachusetts  US,733 Kilback Promenade Apt 13,Everett,Massachusetts,Middlesex County,02148,42.41421015069507,-71.09863563506254,464263.14,2093.62,16873
59919746-ac2b-39c7-c49a-77834553de92,1952-02-20,,999-97-3270,S99920695,X59888603X,Mr.,Dewayne363,Greenholt190,,,M,white,nonhispanic,M,Haverhill  Massachusetts  US,485 Romaguera Light,Plymouth,Massachusetts,Plymouth County,,41.89620213142203,-70.66811251623562,1708644.08,15069.83,67810
6460927d-424b-296d-855f-19388be97347,1944-02-20,2008-03-09,999-87-9576,S99972155,X1528627X,Ms.,Ming325,Funk324,,,S,white,nonhispanic,F,Billerica  Massachusetts  US,716 Braun Vista,Acton,Massachusetts,Middlesex County,,42.444520906134066,-71.42683127859749,1599845.33,0.00,74184
a4d4da25-8e66-ee5b-f06f-e8c590c44b0b,1947-07-23,,999-92-8813,S99924656,X52719485X,Mr.,Nicholas495,Littel644,,,M,white,nonhispanic,M,Boston  Massachusetts  US,789 Herzog Way,Cheshire,Massachusetts,Berkshire County,,42.59493863435188,-73.10715470548358,1758546.27,53211.22,55571
73fec505-96f7-a834-8c8e-fa206fc00df4,2008-07-31,,999-72-5928,,,,Johnny786,Pfannerstill264,,,,black,nonhispanic,F,Worcester  Massachusetts  US,888 Marvin Fort Apt 5,Boston,Massachusetts,Suffolk County,02136,42.367664153480575,-70.97251824127461,280259.56,0.00,25119
c3ef52d7-38ff-0793-9df2-8898983457ca,1937-05-12,,999-90-3485,S99980778,X84605995X,Mr.,Jeramy610,Harvey63,,,M,white,nonhispanic,M,Methuen  Massachusetts  US,151 Metz Wynd Apt 60,Worcester,Massachusetts,Worcester County,01602,42.304224396304186,-71.89961362656766,294064.15,68299.26,5695
36911525-cfcd-2da7-430f-d06c5c64a092,1993-05-04,,999-93-6120,S99997613,X46371368X,Mrs.,Stephani232,Hagenes547,,Rempel203,M,black,nonhispanic,F,Malden  Massachusetts  US,624 Simonis Run Unit 15,Wilmington,Massachusetts,Middlesex County,01887,42.52287911690384,-71.21406634389544,718825.96,0.00,181604
698647eb-1819-4f8e-8e30-fbac0c1fe8b3,1975-05-28,,999-68-7131,S99950042,X78995321X,Mrs.,Samella245,Ebert178,,Von197,M,white,hispanic,F,Palmer  Massachusetts  US,1021 Robel Rest Unit 71,Plymouth,Massachusetts,Plymouth County,,41.89387040384778,-70.67177156127502,1269926.24,3046.76,108429
ad6d8703-8e3a-fcf0-d8bf-3ca6aa74f79e,1944-02-20,,999-67-8714,S99929947,X42707657X,Mrs.,Lakita48,Mitchell808,,Abernathy524,M,white,nonhispanic,F,Swampscott  Massachusetts  US,968 Adams Path,Acton,Massachusetts,Middlesex County,,42.514248410924125,-71.41318202501841,1926562.45,39163.46,74184
